Accuracy,Precision,Recall,F1 Score
0.49093904448105435,0.5058823529411764,0.41346153846153844,0.455026455026455
