Accuracy,Precision,Recall,F1 Score
0.48848684210526316,0.4790996784565916,0.5,0.48932676518883417
