Accuracy,Precision,Recall,F1 Score
0.528830313014827,0.5231788079470199,0.5266666666666666,0.5249169435215947
