Accuracy,Precision,Recall,F1 Score
0.5271828665568369,0.6029411764705882,0.3738601823708207,0.46153846153846156
